id,output
2055,คิดถึง เธอ มาก นะ
2056,คุณ จะ ไปดู คอนเสิร์ต หมอลำ ซิ่ง ด้วยกัน ไหม เย็น นี้
2057,เรา จะ ไป เดินเล่น ใน เมือง
2058,เรา มา ทำอาหาร ด้วยกัน
2059,เมื่อวาน เรา ไป ฟัง หมอลำ หน้า วัด สนุก มาก จน ไม่ มี ใคร อยาก กลับ
2060,เรา ขอ เปลี่ยน สินค้า ได้ ไหม
2061,พวกเรา จะ ไป โดย รถไฟ
2062,อยาก ไปดู ทะเล
2063,แม่ กำลัง ทำอาหาร
2064,อาหาร อะไร อร่อย
2065,ทำ ดีมาก สมควร ได้รับ คำชม
2066,พี่ ชอบ เธอ
2067,ไม่ต้อง ทำให้ ยุ่งยาก
2068,พี่ กับ น้อง จะ ไปเที่ยว งานบุญ บั้งไฟ ที่ ยโสธร ปี นี้ ด้วยกัน ไหม
2069,ต้อง เฝ้า ระวัง อาการ ต่อ ไหม
2070,เธอ อยาก ไป ไหน
2071,เธอ ชอบ ไป นั่ง ทำงาน ที่ ร้านกาแฟ หรือ ห้องสมุด มากกว่า กัน
2072,ใคร พา ไปเที่ยว
2073,รีบ ไป เถอะ
2074,ฉัน จะ พา เธอ ไปดู ฟาร์ม ไก่บ้าน ฟาร์ม สวย มาก
2075,จะ ไป กิน ก้อย กัน ไหม
2076,จะ ไป ซื้อ มะม่วง
2077,อาหาร ร้าน นี้ อร่อย จริงๆ
2078,ไม่ค่อย ถูกใจ อันนี้
2079,อย่า ทำให้ เขา เสียใจ
2080,ของขวัญ สำหรับ เด็ก
2081,เธอ จะ มา บ้าน ฉัน เมื่อไหร่
2082,อย่า เล่น น้ำฝน มาก นะ เดี๋ยว จะ เป็นหวัด ขึ้น มา
2083,เรา รัก กัน มาก
2084,พวกเรา จะ ไป เดินตลาด
2085,มี บริการ ช่วยเหลือ ฉุกเฉิน ไหม
2086,อย่า ลืม ปิดประตู บ้าน
2087,รีบ ไป โรงเรียน
2088,พี่ ชอบ กิน ส้มตำ
2089,ฉัน กำลังจะ ปลูก ผัก สวนครัว ไว้ กิน เอง อร่อย ดี
2090,ใคร รับผิดชอบ งาน นี้
2091,ฉัน คิดถึง พ่อ มาก
2092,เผ็ด มาก ไหม
2093,คุณ จะ ไม่ กินข้าว ด้วยกัน หรือ
2094,ฉัน อยาก กิน ข้าวจี่
2095,ไม่ต้อง คิดมาก
2096,มี บริการ ให้คำปรึกษา ด้าน สินเชื่อ ไหม
2097,ฉัน จะ ไป อุดร พรุ่งนี้
2098,ฉัน อยาก ซื้อ กระเป๋า ใหม่
2099,คิดถึง เธอ มาก
2100,ฉัน อยาก ดื่ม น้ำ
2101,ฉัน กำลัง อ่านหนังสือ ดี ๆ อยู่
2102,คุณ มีเงิน ไหม
2103,ช่วย ฉัน หน่อย
2104,พี่ จะ ไป ทำ ธุระ ต่างจังหวัด
2105,ไป ทำงาน ก่อน นะ
2106,เรา มา ทำงาน ด้วยกัน
2107,เรา เป็นเพื่อน กัน นะ
2108,ให้ เธอ อธิบาย เพิ่มเติม หน่อย
2109,ร้าน นี้ ใช้ แก้ว รักษ์ โลก ไหม
2110,ฝน ตกหนัก มาก ออก ไป ไม่ ได้
2111,ฉัน จะ ไป กินข้าว กับ เพื่อน
2112,ร้าน เสื้อผ้า อยู่ ที่ไหน
2113,ฉัน จะ ไป เรียนหนังสือ
2114,ก็ได้
2115,จะ ไป ทำงาน ก่อน นะ
2116,เรา ต้อง พก เงินสด ไหม
2117,ฉัน จะ พา เธอ ไป กิน ของ อร่อย
2118,การตัดสินใจ ครั้งนี้ ผิดพลาด มาก
2119,เธอ มี ผักสด ขาย ไหม
2120,อย่า ลืม เอา ยากันยุง นะ
2121,ร้าน นี้ มี รองเท้า กีฬา ไหม
2122,อาหาร วันนี้ อร่อย มาก
2123,พวกเรา เป็นเพื่อน กัน
2124,คุณ จะ ไป กิน ก๋วยเตี๋ยว ไหม
2125,จะ ถ่ายรูป เป็น ที่ระลึก
2126,เธอ จะ ไป ตลาด ซื้อ อะไร
2127,ขอ ใช้ ห้องน้ำ ได้ ไหม
2128,อาหาร ที่ บ้าน เรา อร่อย มาก
2129,อาหาร วันนี้ คือ อะไร
2130,ยัง ไม่ ได้ กินข้าว
2131,ฉัน อยาก กิน ไอศกรีม
2132,เรา ต้อง ได้ ข้อสรุป วันนี้
2133,มี บริการ ถ่ายเอกสาร ไหม
2134,เธอ จะ ไป ตลาด วัน ไหน
2135,ร้าน นี้ มี สินค้านำเข้า ไหม
2136,เจอกัน ใหม่ นะ
2137,พี่ จะ ซื้อ ของขวัญ ให้ เธอ
2138,เรา จะ ไป งานแต่งงาน ด้วยกัน ไหม
2139,หา ที่ ถ่ายรูป สวย ๆ อยู่
2140,ไม่ต้อง ซื้อ ของ เยอะ
2141,กาแฟ ร้าน นี้ หอ มมาก
2142,มี ขนมไทย ขาย ไหม
2143,จะ ไป จับ ปลา ใน ทุ่งนา
2144,ไม่ นอน เลย
2145,ขายส่ง ไหม
2146,ฉัน ขอ เสนอ ความคิดเห็น
2147,เธอ จะ ไป กินข้าว ที่ ร้าน เดิม หรือว่า ลอง ร้าน ใหม่ ดี
2148,บรรยากาศ ดีมาก
2149,เรา จะ เจอกัน อีก วัน ไหน
2150,เธอ อยู่ บ้าน หรือ อยู่ ที่พัก
2151,ฉัน กำลัง ฝึก ทำอาหาร อีสาน เช่น ลาบ ก้อย ต้ม แซ่บ มัน อร่อย มาก
2152,คุณ มี แฟน แล้ว หรือยัง
2153,มี หนี้สิน เยอะ ไหม
2154,เธอ มา เที่ยว อุบล แล้ว หรือยัง ถ้า ยัง ฉัน จะ พา ไป ชม วัด สวย ๆ
2155,ดู ฟิล์ม เอกซเรย์ ที่ไหน
2156,วันนี้ จะ ไปหา หมอ
2157,คุณ จะ ไป ซื้อ ของ กินที่ ตลาด ด้วยกัน ไหม เย็น นี้
2158,ยาง รั่ว ต้อง เปลี่ยน ยาง
2159,ไม่ เอา ผัก เยอะ
2160,เธอ จะ ไปเที่ยว ทะเล กับ เพื่อน หรือเปล่า ฉัน อยาก ไป ด้วย จัง เลย นะ
2161,เธอ จะ ไป ออกกำลังกาย ไหม
2162,ต้อง พา เด็ก ฉีดวัคซีน เมื่อไหร่
2163,ไม่ มีเงิน แล้ว
2164,ไปหา คุณแม่ หน่อย
2165,อากาศ เย็น มาก ดี จริงๆ
2166,ราคา น้ำมัน ขึ้น อีกแล้ว
2167,ไม่ ใช่ ของ ฉัน
2168,ไม่ต้อง ห่วง เดี๋ยว ฉัน ดูแล เอง
2169,จะ แลก แต้ม สะสม ที่ไหน
2170,ไข้ ขึ้น สูง มาก
2171,บ้าน หลัง นี้ สวย มาก
2172,ถุง ละ ห้าสิบ บาท ลด ได้ ไหม
2173,เธอ ซื้อ อะไร ฝาก ฉัน ไหม
2174,ฉัน อยาก ไป นอน บ้าน แม่
2175,ไม่ต้อง ห่วง ฉัน ดูแล เอง
2176,ต้อง งด อาหาร ก่อน ตรวจ ไหม
2177,ฉัน ขอ ข้าว เพิ่ม
2178,ไป นอน ก่อน นะ เหนื่อย มาก
2179,ฉัน อยาก ไปเที่ยว ทะเล
2180,คุณ คิดถึงบ้าน ไหม
2181,พี่ จะ ไป ตลาด ซื้อ ของ
2182,โรงงาน ใหม่ จะ เปิดรับ สมัครงาน
2183,ต้อง นอน พักฟื้น อีก กี่ วัน
2184,ฉัน จะ ไป ซื้อ ขนม
2185,ไม่ต้อง พูดมาก
2186,เลี้ยวขวา ที่ หน้า ปั๊มน้ำมัน
2187,เมื่อวาน ฉัน ไปเที่ยว งานบุญ ผะ เหว ด มา มี หมอลำ ร้องเพลง สนุก มาก
2188,เดือน หน้า จะ ไปเที่ยว เชียงคาน อยาก ไป นั่ง ชม แม่น้ำ โขง ตอนเย็น
2189,เธอ อยาก ฟังเพลง แนว ไหน
2190,ไม่ต้อง ใช้ เงิน เยอะ
2191,วันนี้ มี เมนู แนะนำ ไหม
2192,คุณ นอน ไป ก่อน เลย
2193,มี บริการ ออกแบบ ตกแต่งภายใน ไหม
2194,กิน ไม่ อร่อย
2195,ฉัน ทำ กิน เอง
2196,ขอ เส้นทาง ไป สนามบิน
2197,ฝันดี นะ
2198,สามารถ ต่ออายุ ประกันภัย รถยนต์ ออนไลน์ ได้ ไหม
2199,ถึง บ้าน แล้ว หรือยัง
2200,ขอ หลอด กับ กระดาษ ทิช ชู่ หน่อย
2201,เธอ สั่ง อะไร
2202,เรา มา สอบถาม หน่อย
2203,ช่วย จอง โรงแรม ให้ หน่อย
2204,ฉัน กำลัง ทำอาหาร อยู่ ถ้า เธอ หิว ให้ มา กิน ด้วยกัน ได้ เลย นะ
2205,เวลาว่าง ชอบ ไป นั่ง ดู พระอาทิตย์ตกดิน ริมแม่น้ำ โขง บรรยากาศ ดีมาก
2206,ฉัน ชอบ กิน ข้าวเหนียว
2207,ฉัน อยาก ไปเที่ยว ภูเขา
2208,ฉัน คิดถึง ญาติ ทางบ้าน
2209,ซื้อ ของ เยอะ มี ลดราคา ให้ ไหม
2210,เธอ จะ ไป กิน อะไร ก่อน
2211,พายุ จะ เข้า ประเทศ ไทย พรุ่งนี้
2212,รอ ตรงนี้ ก่อน ฉัน จะ ไป ซื้อ ของ
2213,เธอ น่ารัก จริงๆ
2214,เธอ มี งาน ทำ อยู่ ไหม หรือว่า ว่าง ไป กิน กาแฟ ด้วยกัน
2215,ฉัน อยากได้ เสื้อ ตัวใหม่
2216,คุณ จะ ไป เดินเล่น ตลาดนัด ไหม
2217,พรุ่งนี้ จะ ไป ซื้อ เสื้อกันหนาว ใหม่ คุณ จะ ไป เลือก ด้วย ไหม
2218,เธอ ไป ถึง หรือยัง
2219,พบ ซาก สัตว์ป่า หา ยาก ใน อุทยาน
2220,จะ เลื่อน ประชุม ไหม
2221,จะ ไปเที่ยว โบราณสถาน
2222,ฉัน จะ ไป ซื้อ ผลไม้
2223,ฉัน กินข้าว แล้ว
2224,เธอ จะ ไป ตลาด กับ ฉัน ไหม
2225,สามารถ เปลี่ยน ที่นั่ง ได้ ไหม
2226,บ้าน เธอ ไกล ไหม
2227,ไม่ มี ใคร มา
2228,ฉัน อยาก ไป ขึ้น ภูเขา
2229,อย่า ลืม หยิบ กระเป๋า มา ด้วย นะ
2230,ฉัน คิดถึงบ้าน มาก
2231,ฉัน อยาก กิน อาหาร อีสาน
2232,เธอ ชอบ ฟังเพลง แนว ไหน
2233,นักลงทุน ต่างชาติ สนใจ ลงทุน ใน ธุรกิจ ไทย
2234,ฝนตก เยอะ น้ำ ใน คลอง จะ ล้น อย่า ไป เล่น น้ำ นะ
2235,รีบ มา กินข้าว ด้วยกัน เดี๋ยว เย็น แล้ วจะ ไม่ อร่อย
2236,มี บริการ จัด งานเลี้ยง ไหม
2237,รอ ฉัน สักครู่
2238,ฉัน พูด ด้วย ไม่ ได้
2239,จะ ไปดู งานวัด ใหญ่
2240,กรุณา ออก ใบเสร็จ ให้ หน่อย
2241,เรา ต้อง จอง ก่อน ไหม
2242,เรา จะ มา นั่ง ทำงาน ที่ ร้าน
2243,เสิร์ฟ อาหาร ถูก โต๊ะ ไหม
2244,ยาย ไม่ แข็งแรง แล้ว เรา ควร ดูแล แก ให้ ดี ๆ
2245,วันนี้ จะ ไป เรียน กี่ โมง
2246,คุณ สบายดี ไหม
2247,จะ พา แม่ ไป วัด
2248,ร้าน นี้ รับ ซ่อม กระเป๋าเดินทาง ไหม
2249,น้ำมัน จะ พอ ไป ถึง ไหม
2250,คุณ นั่ง ก่อน นะ ไม่ต้อง รีบ
2251,จะ ออกจาก โรงพยาบาล เมื่อไหร่
2252,ฉัน จะ ไป ซื้อ ผลไม้ ที่ ตลาด คุณ จะ ฝาก ซื้อ ไหม
2253,เรา กำลังจะ ไปดู หนัง
2254,ฉัน อยากได้ กระเป๋า หนัง
2255,อากาศ เย็น ดี อยาก ไป ออกกำลังกาย
2256,ฉัน คิด ว่า อาหาร อีสาน เป็น อาหาร ที่ อร่อย และ มี เอกลักษณ์ มาก
2257,พวกเรา มีโอกาส จะ ไป ทำบุญ ที่วัด พรุ่งนี้ นะ มา ด้วยกัน นะ
2258,จะ ซื้อ อะไร
2259,สามารถ แจ้ง ปัญหา การใช้งาน ผ่าน แอ ป ได้ ไหม
2260,ฉัน อยาก ฉีดวัคซีน
2261,เรา ต้อง นอน โรงพยาบาล ไหม
2262,ใคร เป็น แบบนี้ จริงๆ ไม่ มี ความซื่อสัตย์ เลย
2263,พบ ผู้ป่วย โรค ไข้เลือดออก เพิ่มขึ้น
2264,คุณ จะ ไปเที่ยว งานบุญ บั้งไฟ ด้วยกัน ไหม พรุ่งนี้ จะ เริ่ม งาน แต่เช้า นะ
2265,อย่า ออก ไป ข้างนอก ดึก มาก อันตราย มาก นะ
2266,เธอ นอน แต่เช้า หรือเปล่า ฉัน ว่าการ นอน ดึก มาก ไม่ ดี ต่อ สุขภาพ นะ
2267,เปิด ศูนย์ กีฬา ใหม่ ให้ ประชาชน ใช้ บริการ
2268,อยาก กิน ไอศกรีม
2269,วันนี้ แดด แรง มาก
2270,รู้ แล้ว
2271,มี เมนู ชาเขียว ไหม
2272,วันนี้ อากาศ เย็น ดี นะ
2273,จะ มี งานบุญ อาทิตย์ หน้า
2274,สินค้า หมด หรือยัง
2275,มี บริการ จัดหา บ้านพักตากอากาศ ไหม
2276,ไม่ รู้ ว่า ต้อง ใช้ เอกสาร อะไร
2277,พี่ รู้ ไหม ฉัน แอบ รัก เธอ
2278,ถ้า ของ ถึง แล้ว แจ้ง หน่อย
2279,คนงาน ประท้วง เรียกร้อง ขึ้น ค่าแรง
2280,คุณ จะ ไปหา หมอ เมื่อไหร่
2281,คุณ จะ ไป ซื้อ ของฝาก ให้ พ่อแม่ ไหม เวลา กลับบ้าน
2282,เธอ คิดถึง บ้านเกิด ไหม
2283,ฉัน จะ ไปดู หมอลำ คืนนี้ มัน เป็น วง โปรด ของ ฉัน
2284,วันนี้ มี ผลไม้ ใหม่ เข้ามา ไหม
2285,อาหาร ที่ บ้าน เป็น ยังไง
2286,วันนี้ เธอ จะ ไปเที่ยว ไหน
2287,แมว คุณ ดุ มาก
2288,ไม่ มี เวลา
2289,ไป ทำงาน ก่อน
2290,คุณ มีแผน จะ ไปเที่ยว ไหน ช่วง วันหยุด ยาว ไหม
2291,ไปเที่ยว วัด กัน ไหม
2292,ฝน ตกหนัก มาก ไม่ รู้ ว่า จะ ออก ไป ทำงาน ยังไง ดี จริงๆ
2293,อาหาร อร่อย มาก
2294,น้ำแข็ง ละลาย แล้ว
2295,นอน ก่อน นะ
2296,ฝนตก แล้ว ระวัง ลื่น นะ
2297,พวกเรา มี ประชุม ตอนเย็น
2298,เธอ มี ปลาหมึก สด ไหม
2299,เรา จะ มี แนวทาง ปรับปรุง อย่างไร
2300,คุณ ทำงาน อะไร
2301,เรา จะ มี เลือก ตั้งปี นี้ ไหม
2302,วันนี้ มี ประชุม ตอน กี่ โมง
2303,ไม่ต้อง เป็นห่วง ฉัน
2304,ฝน จะ ตก ไหม
2305,พวกเรา นัด กัน ไป กิน ข้าวเย็น
2306,จะ ไป ซื้อ หมู มา ทำอาหาร
2307,น้ำมัน แพง มาก
2308,ฉัน มีเรื่อง จะ เล่า ให้ ฟัง
2309,ฉัน อยาก ไป นอน บ้าน แม่
2310,มี ตะไคร้ สด มัด ละ กี่ บาท
2311,ของแท้ หรือ ก๊อ ป
2312,วันนี้ มี ของ ลดราคา หรือเปล่า
2313,กิน หน่อย นะ
2314,จะ จ่าย เงินสด หรือ บัตร
2315,พวกเรา จะ ไป ฟัง หมอลำ คืนนี้
2316,อันนี้ ของ ฉัน
2317,หมอ เตือน ให้ ใส่หน้ากาก เพื่อ ป้องกัน โรค
2318,คุณ ก็ เป็น คนดี
2319,เอา เสื้อกันหนาว ไป ด้วย นะ
2320,เธอ ชอบ ดู หนัง แนว ไหน
2321,ชอบ แนวคิด นี้ มาก
2322,รู้จัก ร้านกาแฟ อร่อย ๆ ไหม
2323,ฉัน ไม่ มีเงิน เหลือ มาก
2324,ฉัน รู้สึก ดีมาก
2325,ได้ ติดตาม ข่าว บ้านเกิด ไหม
2326,มี กาแฟเย็น ไหม
2327,อาหาร ที่ ร้าน นี้ เป็น ยังไง
2328,ราคา นี้ รวม ภาษี ไหม
2329,ของ ตัว นี้ ใช้ ดี ไหม
2330,คืนนี้ จะ ไปดู หมอลำ
2331,ทำงาน ไม่ ทันเวลา เลย
2332,อย่า ลืม กิน ยา ตามเวลา
2333,ร้าน นี้ มี สินค้า ลดราคา ประจำวัน ไหม
2334,พ่อ ไป สวน แต่เช้า
2335,มี ของ ใหม่ มา เพิ่ม ไหม
2336,ไป ตลาด มา
2337,พี่ จะ ไป ทำ ธุระ ที่ บ้าน แม่
2338,สินค้า นี้ ใช้ได้ กับ ทุก ระบบ ไหม
2339,เธอ สนใจ เรื่อง อะไร ช่วงนี้
2340,ธุรกิจท่องเที่ยว เริ่ม ฟื้นตัว
2341,จะ ไป ซื้อ ของ ด้วย ไหม
2342,ไม่ต้อง เป็นห่วง ฉัน ดูแล เอง
2343,รีบ มานะ ฉัน รอ อยู่
2344,หมอ แนะนำ ให้ พักผ่อน มาก ๆ
2345,จะ ไป กรุงเทพ กับ เพื่อน
2346,นักกีฬา ทีม ชาติ ของ เรา ฝึกซ้อม อย่าง หนัก
2347,ของแท้ ไหม
2348,ฉัน จะ ไป ตลาด
2349,พวกเรา จะ ไป ตกปลา
2350,เรา มี แพลน จะ เปลี่ยนแปลง ตัวเอง
2351,จะ ไป เล่น บอล
2352,ฝน ตกหนัก จริง ไหม
2353,พรุ่งนี้ เรา จะ พา กัน ไป ทำบุญ ใส่บาตร ที่วัด ด้วยกัน นะ
2354,วันนี้ ไม่ ดี
2355,ฉัน อยาก ไป เดินเล่น ริมแม่น้ำ โขง คุณ จะ ไป ด้วยกัน ไหม
2356,มี ปลา สดๆ ไหม
2357,รีบ กิน นะ
2358,พรุ่งนี้ เรา จะ ไป ทำบุญ
2359,เขา ว่า อาทิตย์ หน้า จะ พา ไปเที่ยว ภู เรือ ไปดู หมอก ตอนเช้า
2360,ฉัน รู้จัก เธอ
2361,อากาศ เย็น ดี ใส่ เสื้อ อุ่น
2362,เธอ ชอบ เล่น กีฬา หรือ ออกกำลังกาย แบบ ไหน
2363,ไม่เป็นไร หรอก
2364,ขอ เปรียบเทียบ ราคา
2365,มี ยอด ขั้นต่ำ ไหม
2366,เวลา กิน ยา ตามที่ หมอ สั่ง
2367,แม่ อยู่ บ้าน ไหม
2368,ไป บ้าน พ่อแม่ กัน ไหม
2369,พี่ จะ พา ไปเที่ยว ตลาดนัด
2370,มี สินค้าตัวอย่าง ให้ ดู ไหม
2371,เมื่อเช้า กินข้าว แล้ว หรือยัง
2372,อากาศ หนาว มาก ใส่ ถุงมือ นะ
2373,ข่าว วันนี้ มี อะไร น่าสนใจ ไหม
2374,สามารถ ขอ เปลี่ยน เลข บัญชี รับ เงินได้ ไหม
2375,ขอ เปลี่ยนสี หรือ ขนาด ได้ ไหม
2376,มีแผน จะ ทำงาน ต่อไป อย่างไร
2377,ได้ แล้ว หรือยัง
2378,เรา ขอ คำปรึกษา ทาง ธุรกิจ
2379,ฉัน อยาก ไปดู ดอกไม้
2380,เธอ มี ผักสด ไหม
2381,พี่ ไม่ เข้าใจ
2382,ขอ สมัคร ใช้ บริการ แพ็กเกจ โทรศัพท์ รายปี
2383,สามารถ ขอ รหัสผ่าน ใหม่ ผ่าน ออนไลน์ ได้ ไหม
2384,หา ที่ กิน อาหารทะเล หน่อย
2385,คุณ จะ ถึง บ้าน เมื่อไหร่
2386,เขา ไม่ พูด
2387,ขอ ที่อยู่ สำหรับ ส่ง ของ หน่อย
2388,จะ ไป เล่น น้ำ โขง
2389,ต้อง ซื้อ ตั๋ว ก่อน หรือเปล่า
2390,เธอ จะ ไป กรุงเทพ ไหม
2391,ฝน ตกหนัก มาก
2392,ไปดู คอนเสิร์ต ไหม
2393,อย่า เล่น เยอะ
2394,น้อง อยู่ บ้าน ไหม
2395,อากาศ หนาว มาก ใส่ เสื้อ หนา ๆ นะ
2396,เธอ มี อะไร จะ พูด ไหม
2397,ขอ ทดลอง สินค้า ได้ ไหม อยาก แน่ใจ ว่า ใช้งาน ได้ จริง ก่อน ซื้อ
2398,สนามบิน คึกคัก นักเดินทาง เพิ่มขึ้น
2399,ลูก หมา เล่น น้ำ
2400,คุณ นั่ง พัก ก่อน นะ
2401,มี โปรโมชัน ซื้อ หนึ่ง แถม หนึ่ง ไหม
2402,จะ ไป ถึง วัน ไหน
2403,ฉัน อยาก กิน ข้าวเหนียว หมู ปิ้ง
2404,ฉัน กำลัง ฟังเพลง
2405,เอา ยา ตามที่ หมอ สั่ง
2406,ทำไม ถึง พูด กับ ฉัน
2407,รับคืน สินค้า หรือเปล่า
2408,น้ำท่วม มาก เลย
2409,ไป ทำ ธุระ ที่ บ้าน พ่อ แป๊บเดียว
2410,คุณ อยาก กิน อะไร
2411,เรา จะ มา เลือก ของสด ด้วยกัน ไหม
2412,ของ ตัว นี้ เป็น ของแท้ ไหม
2413,ฟัง แล้ว เข้าใจ ไหม
2414,ไม่ แน่ใจ ว่า จะ ถึง ทัน ไหม
2415,มี บริการ ห่อของขวัญ ให้ ไหม
2416,ขอความช่วยเหลือ หน่อย นะ
2417,เติม กาแฟ ได้ ฟรี ไหม
2418,ฉัน อยาก กิน แกง หน่อไม้
2419,ฉัน จะ ไป บ้าน ยาย
2420,มี ข้าวเหนียว ใหม่ ไหม
2421,กด เงินสด ที่ไหน
2422,เรา ไป ไหน กัน ดี
2423,ผัดกะเพรา เผ็ด มาก
2424,คุณ ชอบ ฟังเพลง แนว ไหน
2425,ใคร จะ ไป ทำงาน ต่างประเทศ กับ ฉัน ไหม ฉัน ว่า จะ ไปหา งาน ทำ ที่ เมืองนอก
2426,กรุณา ส่ง ใบเสนอราคา หน่อย
2427,ไม่ค่อย ประทับใจ กับ ผลลัพธ์
2428,เดี๋ยว ฉัน จะ ไปดู หนัง
